{"cameraMode":{"drawMode":0,"name":"Shaded","section":"Shading Mode"},"sceneLighting":false,"audioPlay":false,"sceneViewState":{"m_AlwaysRefresh":false,"showFog":false,"showSkybox":false,"showFlares":false,"showImageEffects":false,"showParticleSystems":false,"showVisualEffectGraphs":true,"m_FxEnabled":true},"in2DMode":false,"pivot":{"x":0.12223359942436218,"y":0.16884303092956544,"z":-2.245534658432007},"rotation":{"x":0.007215060759335756,"y":-0.9760757684707642,"z":0.2129666805267334,"w":0.03484449163079262},"size":2.026404619216919,"orthographic":false}